dataset,name,ec50_t,ec50_c,chip_name,chip_dataset
Longxing,EEHEE_31292,3.12,2.48,ladder_0,100K_winter19
Longxing,HEEH_07585,0.26,2.47,ladder_1,100K_winter19
Longxing,EHEE_01661,3.12,2.48,ladder_10,100K_winter19
Inna,HSirpa_2487,0.02,0.73,ladder_100,100K_winter19
Inna,MSirpa_0497,0.64,0.13,ladder_101,100K_winter19
Inna,MSirpa_0969,0.11,0.02,ladder_102,100K_winter19
Inna,HSirpa_2543,0.64,2.59,ladder_103,100K_winter19
Inna,p1-14H-GBL-14H-BBL-15H_0819_0001_0001,4.27,3.31,ladder_104,100K_winter19
Inna,HSirpa_0598,2.32,0.63,ladder_105,100K_winter19
Inna,p1-14H-GBL-14H-GBL-16H_0845_0001_0001,3.39,3.72,ladder_106,100K_winter19
Inna,HSirpa_2007,0.05,0.08,ladder_108,100K_winter19
Inna,HSirpa_2504,1.46,2.62,ladder_109,100K_winter19
Longxing,HEEH_14017,3.12,2.24,ladder_11,100K_winter19
Inna,HSirpa_1796,0.97,2.72,ladder_110,100K_winter19
Inna,MSirpa_0379,0.18,1.17,ladder_111,100K_winter19
Inna,HSirpa_1980,1.23,0.51,ladder_112,100K_winter19
Inna,HSirpa_2082,2.39,0.3,ladder_113,100K_winter19
Inna,HSirpa_0853,0.99,0.32,ladder_114,100K_winter19
Inna,HSirpa_0341,0.02,0.73,ladder_115,100K_winter19
Inna,HSirpa_2039,1.48,0.39,ladder_116,100K_winter19
Inna,HSirpa_1153,1.44,1.04,ladder_117,100K_winter19
Inna,HSirpa_1858,0.4,1.08,ladder_118,100K_winter19
Inna,MSirpa_0634,2.09,2.67,ladder_119,100K_winter19
Longxing,EHEE_01739,0.05,0.7,ladder_12,100K_winter19
Inna,HSirpa_0458,3.79,3.13,ladder_120,100K_winter19
Inna,HSirpa_0276,3.37,2.99,ladder_121,100K_winter19
Inna,MSirpa_0877,3.09,3.21,ladder_123,100K_winter19
Inna,MSirpa_0591,0.1,2.53,ladder_124,100K_winter19
Inna,p1-16H-GABBL-14H-GABBL-15H_0715_0001_0001,2.11,2.78,ladder_125,100K_winter19
Inna,p1-16H-GBL-16H-GBL-15H_0904_0001_0001,0.08,2.68,ladder_126,100K_winter19
Inna,HSirpa_1666,0.14,2.69,ladder_127,100K_winter19
Inna,HSirpa_0055,2.12,2.21,ladder_128,100K_winter19
Inna,HSirpa_0642,3.44,2.42,ladder_129,100K_winter19
Longxing,HEEH_01452,0.02,0.05,ladder_13,100K_winter19
Inna,HSirpa_0846,0.26,1.5,ladder_130,100K_winter19
Inna,p1-16H-GABBL-14H-BBL-14H_0416_0001_0001,3.19,3.05,ladder_131,100K_winter19
Inna,HSirpa_1595,0.18,1.07,ladder_132,100K_winter19
Inna,MSirpa_0770,2.39,0.08,ladder_133,100K_winter19
Inna,HSirpa_1515,0.81,0.51,ladder_134,100K_winter19
Inna,HSirpa_1197,0.05,0.39,ladder_135,100K_winter19
Inna,MSirpa_0653,4.36,3.73,ladder_136,100K_winter19
Inna,MSirpa_0936,1.15,2.74,ladder_137,100K_winter19
Inna,HSirpa_1539,1.04,2.99,ladder_138,100K_winter19
Inna,MSirpa_1020,1.1,3.81,ladder_139,100K_winter19
Longxing,EHEE_01947,0.1,0.52,ladder_14,100K_winter19
Inna,HSirpa_2326,2.31,1.89,ladder_140,100K_winter19
Inna,MSirpa_0813,3.88,1.52,ladder_141,100K_winter19
Inna,HSirpa_2100,0.1,0.13,ladder_142,100K_winter19
Inna,HSirpa_2458,0.02,0.24,ladder_143,100K_winter19
Inna,p1-14H-GBL-14H-GBL-16H_0162_0001,1.86,1.69,ladder_144,100K_winter19
Inna,HSirpa_2288,0.14,0.45,ladder_145,100K_winter19
Inna,MSirpa_0980,0.48,2.66,ladder_146,100K_winter19
Inna,HSirpa_1994,-0.06,0.39,ladder_147,100K_winter19
Inna,HSirpa_1612,0.07,1.17,ladder_148,100K_winter19
Inna,HSirpa_2420,1.2,0.28,ladder_149,100K_winter19
Longxing,HEEH_15455,0.2,1.28,ladder_15,100K_winter19
Inna,HSirpa_1664,1.51,1.66,ladder_150,100K_winter19
Inna,HSirpa_0088,1.38,0.25,ladder_151,100K_winter19
Eva1,ems_thioM_122_0002,0.2,2.37,ladder_152,100K_winter19
Eva1,ems_4hM_2733,0.1,2.42,ladder_153,100K_winter19
Eva1,ems_4hC_1920_0002,0.1,2.42,ladder_154,100K_winter19
Eva1,rand_ems_4hM_2899,0.26,0.74,ladder_155,100K_winter19
Eva1,ems_ferrM_5875,1.23,2.46,ladder_156,100K_winter19
Eva1,ems_f2_275,0.1,0.25,ladder_157,100K_winter19
Eva1,ems_thioC_91,0.2,0.25,ladder_158,100K_winter19
Eva1,ems_4hM_91,0.1,1.84,ladder_159,100K_winter19
Longxing,EEHEE_15423,0.18,0.08,ladder_16,100K_winter19
Eva1,ems_4hM_4336_0002,4.89,3.6,ladder_160,100K_winter19
Eva1,ems_4hM_909,0.2,0.25,ladder_162,100K_winter19
Eva1,ems_4hM_1319,4.74,3.58,ladder_163,100K_winter19
Eva1,rand_ems_ferrM_6507,0.2,0.25,ladder_164,100K_winter19
Eva1,ems_ferrM_2201_0002,0.05,0.08,ladder_165,100K_winter19
Eva1,ems_ferrM_2623_0002,3.12,2.48,ladder_166,100K_winter19
Eva1,ems_4hM_2354,0.26,0.25,ladder_167,100K_winter19
Eva1,ems_ferrC_1690,0.2,1.22,ladder_168,100K_winter19
Eva1,ems_thioM_776_0002,1.51,2.35,ladder_169,100K_winter19
Longxing,EEHEE_34702,0.1,0.74,ladder_17,100K_winter19
Eva1,ems_ferrM_1264,1.91,1.53,ladder_170,100K_winter19
Eva1,ems_ferrM_2142,2.2,2.47,ladder_171,100K_winter19
Eva1,ems_ferrM_5553,0.2,1.63,ladder_172,100K_winter19
Eva1,ems_4hC_2808,2.22,3.11,ladder_173,100K_winter19
Eva1,ems_ferrM_489,2.17,2.68,ladder_174,100K_winter19
Eva1,ems_4hM_2539,3.12,3.23,ladder_175,100K_winter19
Eva1,ems_4hM_3728,4.32,4.03,ladder_176,100K_winter19
Eva1,ems_ferrM_322,4.95,4.03,ladder_177,100K_winter19
Eva1,ems_ferrM_789,3.85,4.14,ladder_178,100K_winter19
Eva1,ems_ferrM_7107,2.89,3.07,ladder_179,100K_winter19
Longxing,EEHEE_10510,2.14,0.25,ladder_18,100K_winter19
Eva1,ems_ferrM_327_0002,3.47,2.53,ladder_180,100K_winter19
Eva1,bGM_107,0.26,0.52,ladder_181,100K_winter19
Eva1,ems_ferrM_7356,2.77,2.73,ladder_182,100K_winter19
Eva1,ems_ferrM_5888,3.32,2.74,ladder_183,100K_winter19
Eva1,bGM_530,3.82,3.3,ladder_184,100K_winter19
Eva1,ems_ferrM_2555,2.82,2.48,ladder_185,100K_winter19
Eva1,ems_ferrM_3208_0002,3.55,2.83,ladder_187,100K_winter19
Eva1,ems_ferrM_3632_0002,0.05,0.39,ladder_188,100K_winter19
Eva1,ems_f2_903,0.4,1.38,ladder_189,100K_winter19
Longxing,HEEH_04456,0.05,0.08,ladder_19,100K_winter19
Eva1,ems_ferrM_5589,-0.03,0.0,ladder_190,100K_winter19
Eva1,ems_4hM_3652,0.66,1.41,ladder_191,100K_winter19
Eva1,ems_f2_513,0.2,0.65,ladder_192,100K_winter19
Eva1,ems_ferrM_3798_0002,0.2,0.25,ladder_193,100K_winter19
Eva1,ems_ferrM_3343_0002,0.26,0.13,ladder_194,100K_winter19
Eva1,ems_4hM_2113,0.1,0.39,ladder_195,100K_winter19
Eva1,ems_4hM_3417,0.05,0.08,ladder_196,100K_winter19
Eva1,ems_4hM_837,0.42,1.64,ladder_197,100K_winter19
Eva1,ems_ferrM_3552_0002,2.28,0.45,ladder_198,100K_winter19
Eva1,ems_ferrM_1496_0002,1.39,0.41,ladder_199,100K_winter19
Longxing,HEEH_05146,0.1,0.13,ladder_2,100K_winter19
Eva1,ems_4hM_3975,2.27,2.81,ladder_200,100K_winter19
Eva1,rand_ems_ferrM_330,5.24,4.18,ladder_201,100K_winter19
Eva1,ems_4hC_2866_0002,3.17,2.43,ladder_202,100K_winter19
Eva1,ems_4hM_2857,3.16,2.99,ladder_203,100K_winter19
Eva1,ems_bGC_221,0.02,0.05,ladder_204,100K_winter19
Eva1,bGM_147_0002,3.12,3.29,ladder_205,100K_winter19
Eva1,rand_ems_ferrC_1340,3.12,2.48,ladder_206,100K_winter19
Eva1,rand_ems_4hM_4919,0.53,0.4,ladder_207,100K_winter19
Eva1,ems_4hC_1421_0002,0.2,0.25,ladder_208,100K_winter19
Eva1,ems_f4m_325,0.2,0.41,ladder_209,100K_winter19
Longxing,HEEH_10245,0.2,0.65,ladder_21,100K_winter19
Eva1,rand_ems_thioM_799,0.66,1.22,ladder_210,100K_winter19
Eva1,ems_4hM_3821_0002,0.18,0.63,ladder_211,100K_winter19
Eva1,ems_ferrM_6284_0002,3.2,2.68,ladder_212,100K_winter19
Eva1,ems_ferrM_3364,0.1,2.63,ladder_213,100K_winter19
Eva1,ems_ferrM_1437,3.12,2.48,ladder_214,100K_winter19
Eva1,ems_4hM_4216,0.2,2.54,ladder_215,100K_winter19
Eva1,ems_4hC_103_0002,3.2,4.19,ladder_216,100K_winter19
Eva1,ems_4hM_2486,3.17,2.95,ladder_217,100K_winter19
Eva1,ems_4hM_273_0002,0.48,2.54,ladder_218,100K_winter19
Longxing,HEEH_08273,0.1,0.13,ladder_22,100K_winter19
Eva1,ems_4hM_3106,0.1,0.13,ladder_220,100K_winter19
Eva1,ems_fer_extM_99,0.42,2.67,ladder_221,100K_winter19
Eva1,ems_ferrM_4489_0002,4.54,3.21,ladder_222,100K_winter19
Eva1,ems_bGw_31,3.12,3.02,ladder_223,100K_winter19
Eva1,bGM_10,1.16,3.25,ladder_224,100K_winter19
Eva1,ems_ferrM_6487,2.29,2.49,ladder_225,100K_winter19
Eva1,rand_ems_4hM_453,1.06,2.39,ladder_226,100K_winter19
Eva1,ems_4hM_817,0.42,1.53,ladder_227,100K_winter19
Eva1,ems_4hM_1087,0.2,0.25,ladder_228,100K_winter19
Eva1,ems_ferrM_4338_0002,0.1,0.13,ladder_229,100K_winter19
Eva1,ems_ferrM_1242_0002,0.1,0.4,ladder_230,100K_winter19
Eva1,ems_4hM_2336,0.05,0.08,ladder_231,100K_winter19
Rocklin,HHH_rd4_0084_buryD,1.16,0.25,ladder_232,100K_winter19
Rocklin,HEEH_rd3_1694_PG_hp,0.02,3.01,ladder_233,100K_winter19
Rocklin,HEEH_rd2_0304_buryD,1.19,2.73,ladder_234,100K_winter19
Rocklin,HEEH_rd3_1352,0.48,1.58,ladder_235,100K_winter19
Rocklin,EEHEE_rd3_1443,0.76,2.34,ladder_236,100K_winter19
Rocklin,HEEH_rd2_0075,0.4,0.78,ladder_237,100K_winter19
Rocklin,EEHEE_rd4_0312_PG_hp,0.1,0.13,ladder_238,100K_winter19
Rocklin,EEHEE_rd3_0575_buryD,2.47,2.48,ladder_239,100K_winter19
Longxing,EEHEE_08831,3.12,2.48,ladder_24,100K_winter19
Rocklin,EEHEE_rd3_0710,5.15,3.65,ladder_241,100K_winter19
Rocklin,EEHEE_rd3_1148_buryD,1.82,2.53,ladder_242,100K_winter19
Rocklin,EEHEE_rd1_0997_hp,-0.05,-0.03,ladder_243,100K_winter19
Rocklin,HHH_rd4_0736_PG_hp,0.14,0.05,ladder_244,100K_winter19
Rocklin,HHH_rd1_0694_random,0.05,0.18,ladder_245,100K_winter19
Rocklin,EEHEE_rd1_0753_hp,0.25,0.14,ladder_246,100K_winter19
Rocklin,HHH_rd4_0981_PG_hp,0.14,0.05,ladder_247,100K_winter19
Rocklin,EEHEE_rd3_1750_PG_hp,0.1,1.11,ladder_248,100K_winter19
Rocklin,EEHEE_rd3_0467_buryD,1.79,0.65,ladder_249,100K_winter19
Longxing,EEHEE_38102,0.2,2.53,ladder_25,100K_winter19
Rocklin,HEEH_rd1_0487_random,0.25,0.45,ladder_250,100K_winter19
Rocklin,HEEH_rd4_0077_PG_hp,0.02,1.11,ladder_251,100K_winter19
Rocklin,EHEE_rd1_0056_hp,1.16,2.53,ladder_252,100K_winter19
Rocklin,chymo_test_F390,1.79,1.16,ladder_253,100K_winter19
Rocklin,EEHEE_rd3_0957,2.31,2.44,ladder_254,100K_winter19
Rocklin,HEEH_rd4_0292,1.98,2.44,ladder_255,100K_winter19
Rocklin,EEHEE_rd3_0395,3.53,3.27,ladder_256,100K_winter19
Rocklin,EHEE_rd3_0091,2.01,3.24,ladder_257,100K_winter19
Rocklin,HHH_rd4_0412,4.19,4.12,ladder_258,100K_winter19
Rocklin,EEHEE_rd4_0848,5.09,3.91,ladder_259,100K_winter19
Longxing,HEEH_15767,0.2,0.25,ladder_26,100K_winter19
Rocklin,HEEH_rd4_0292_buryD,1.65,2.7,ladder_260,100K_winter19
Rocklin,HEEH_rd1_0974_random,1.41,3.3,ladder_261,100K_winter19
Rocklin,EEHEE_rd3_0018,2.18,2.76,ladder_262,100K_winter19
Rocklin,EHEE_rd2_0024,2.6,2.65,ladder_263,100K_winter19
Rocklin,EHEE_rd2_1132_PG_hp,0.2,1.22,ladder_264,100K_winter19
Rocklin,HEEH_rd2_0378_PG_hp,0.1,1.72,ladder_265,100K_winter19
Rocklin,HEEH_rd3_0382_buryD,0.2,0.25,ladder_266,100K_winter19
Rocklin,HEEH_rd4_0934_PG_hp,0.26,0.13,ladder_267,100K_winter19
Rocklin,HEEH_rd4_0509_buryD,0.1,0.13,ladder_268,100K_winter19
Rocklin,EHEE_rd1_0519_hp,0.41,2.48,ladder_269,100K_winter19
Longxing,EHEE_07786,1.55,2.86,ladder_27,100K_winter19
Rocklin,EEHEE_rd2_1010_buryD,0.42,2.36,ladder_270,100K_winter19
Rocklin,EHEE_rd4_0604_PG_hp,0.15,0.59,ladder_271,100K_winter19
Rocklin,HEEH_rd3_0100_PG_hp,0.2,1.22,ladder_272,100K_winter19
Rocklin,EEHEE_rd3_1703_buryD,0.52,0.32,ladder_273,100K_winter19
Rocklin,HEEH_rd3_0295,2.02,2.77,ladder_274,100K_winter19
Rocklin,HEEH_rd4_0159_buryD,0.02,1.43,ladder_275,100K_winter19
Rocklin,EHEE_rd4_0939_buryD,0.25,0.51,ladder_276,100K_winter19
Rocklin,EHEE_rd1_0004_random,0.1,2.65,ladder_277,100K_winter19
Rocklin,tryp_test_K309,4.37,3.45,ladder_278,100K_winter19
Rocklin,tryp_test_K482,3.6,2.39,ladder_279,100K_winter19
Longxing,HEEH_04917,0.2,0.25,ladder_28,100K_winter19
Rocklin,chymo_test_W006,0.1,0.13,ladder_280,100K_winter19
Rocklin,tryp_test_R466,3.46,3.48,ladder_281,100K_winter19
Rocklin,1ZRW,0.05,0.18,ladder_282,100K_winter19
Rocklin,HEEH_rd4_0119_PG_hp,1.38,0.41,ladder_283,100K_winter19
Rocklin,HEEH_rd2_0066_buryD,0.02,0.05,ladder_284,100K_winter19
Rocklin,HEEH_rd4_0745_PG_hp,0.26,0.13,ladder_285,100K_winter19
Rocklin,HEEH_rd3_0402_buryD,0.2,2.53,ladder_286,100K_winter19
Rocklin,EEHEE_rd2_0071_PG_hp,2.39,2.56,ladder_287,100K_winter19
Rocklin,EEHEE_rd3_1237_buryD,2.3,2.48,ladder_288,100K_winter19
Rocklin,EHEE_rd1_0303_hp,0.1,0.74,ladder_289,100K_winter19
Longxing,HEEH_17639,0.1,0.25,ladder_29,100K_winter19
Rocklin,HEEH_rd4_0960_buryD,1.36,3.44,ladder_290,100K_winter19
Rocklin,EHEE_rd1_0356,0.31,2.9,ladder_291,100K_winter19
Rocklin,EEHEE_rd1_0415_random,0.18,3.3,ladder_292,100K_winter19
Rocklin,EHEE_rd2_0782,4.39,3.34,ladder_293,100K_winter19
Rocklin,HHH_rd2_0058,5.28,4.14,ladder_294,100K_winter19
Rocklin,HHH_rd1_0938_random,0.48,2.69,ladder_295,100K_winter19
Rocklin,EHEE_rd4_0017,4.97,3.64,ladder_296,100K_winter19
Rocklin,EHEE_rd4_0096,4.9,3.57,ladder_297,100K_winter19
Rocklin,EEHEE_rd2_1198_buryD,1.13,3.98,ladder_298,100K_winter19
Rocklin,EEHEE_rd3_1244,4.97,3.62,ladder_299,100K_winter19
Longxing,EEHEE_17954,0.2,1.22,ladder_3,100K_winter19
Longxing,EHEE_12548,0.2,1.28,ladder_30,100K_winter19
Rocklin,chymo_test_Y496,5.27,3.94,ladder_300,100K_winter19
Rocklin,GCN4_S14R+H18E+N21A,3.35,4.18,ladder_301,100K_winter19
Rocklin,HEEH_rd3_1287,0.02,0.05,ladder_302,100K_winter19
Rocklin,HEEH_rd3_0904_buryD,0.07,-0.01,ladder_303,100K_winter19
Rocklin,EHEE_rd2_1133_PG_hp,0.92,0.41,ladder_304,100K_winter19
Rocklin,EHEE_rd2_0245_PG_hp,2.31,0.08,ladder_305,100K_winter19
Rocklin,HHH_rd1_0501,1.48,0.02,ladder_306,100K_winter19
Eva2,ems_bGC_181,3.12,2.48,ladder_307,100K_winter19
Eva2,ems_4hC_875_0001,0.2,2.53,ladder_308,100K_winter19
Eva2,ems_ferrM_2454_0001,0.18,0.39,ladder_309,100K_winter19
Longxing,HEEH_07169,0.2,0.25,ladder_31,100K_winter19
Eva2,ems_ferrM_7343_0002,0.41,1.41,ladder_310,100K_winter19
Eva2,ems_4hM_4368,1.35,2.67,ladder_311,100K_winter19
Eva2,ems_4hC_689_0001,0.1,2.02,ladder_312,100K_winter19
Eva2,id_12737.kin_propCO_8.5_4.2_5.8_t0131_0012_0004_0001,3.12,3.12,ladder_314,100K_winter19
Eva2,bp1_19.kin_propCO_8.0_3.4_1.2_t0086_0012_0004_0001,0.26,0.13,ladder_315,100K_winter19
Eva2,ems_ferrM_3691_0001,0.2,1.22,ladder_316,100K_winter19
Eva2,ems_thioM_22_0001,0.1,1.45,ladder_317,100K_winter19
Eva2,bGM_632_0001,0.2,0.25,ladder_318,100K_winter19
Eva2,ems_3hM_2113,3.33,2.56,ladder_319,100K_winter19
Longxing,HEEH_01860,0.18,2.72,ladder_32,100K_winter19
Eva2,ems_3hM_1871,3.29,3.58,ladder_320,100K_winter19
Eva2,bp1_6485.kin_propCO_8.0_5.8_12.5_t0113_0001_0004_0001,3.27,2.7,ladder_321,100K_winter19
Eva2,ems_4hM_4885_0001,3.46,3.05,ladder_322,100K_winter19
Eva2,ems_4hM_2590_0001,0.48,0.18,ladder_323,100K_winter19
Eva2,ems_3hC_1780_0002,0.42,0.25,ladder_324,100K_winter19
Eva2,ems_4hM_5297_0001,-0.01,3.33,ladder_325,100K_winter19
Eva2,ems_3hC_617,5.2,4.0,ladder_327,100K_winter19
Eva2,id_12980.kin_propCO_7.5_3.4_1.2_t0063_0009_0005_0001,4.21,3.7,ladder_328,100K_winter19
Eva2,ems_3hM_3647,4.65,4.09,ladder_329,100K_winter19
Longxing,HEEH_09671,0.05,0.3,ladder_33,100K_winter19
Eva2,ems_3hM_965,3.73,3.04,ladder_330,100K_winter19
Eva2,ems_3hM_1452,4.86,4.12,ladder_331,100K_winter19
Eva2,p1-14H-GBL-16H-GABBL-15H_0064_0001_0001_0001,3.01,2.75,ladder_332,100K_winter19
Eva2,ems_3hC_1773_0002,3.75,3.21,ladder_333,100K_winter19
Eva2,ems_3hC_1225,4.86,4.2,ladder_334,100K_winter19
Eva2,id_10397.kin_propCO_8.5_4.2_5.8_t0130_0005_0009_0001,3.55,0.8,ladder_335,100K_winter19
Eva2,bp1_8973.kin_propCO_8.0_47.6_-3.3_t0093_0001_0004_0001,3.43,3.1,ladder_336,100K_winter19
Eva2,ems_3hC_738,3.31,3.9,ladder_337,100K_winter19
Eva2,bp1_2307.kin_propCO_6.5_-5.9_26.5_t0204_0003_0005_0001,3.41,3.16,ladder_338,100K_winter19
Eva2,ems_thioM_222_0001,0.41,2.42,ladder_339,100K_winter19
Longxing,EEHEE_08024,3.12,2.43,ladder_34,100K_winter19
Eva2,id_10141.kin_propCO_8.5_4.2_5.8_t0134_0002_0008_0001,0.1,0.4,ladder_340,100K_winter19
Eva2,id_10978.kin_propCO_7.5_3.8_-3.4_t0073_0002_0007_0001,0.88,3.07,ladder_342,100K_winter19
Eva2,ems_thioM_973,0.2,1.72,ladder_343,100K_winter19
Eva2,ems_4hC_2061_0001,0.41,1.22,ladder_344,100K_winter19
Eva2,ems_ferrM_1120_0001,0.02,0.14,ladder_345,100K_winter19
Eva2,p1-14H-GBL-16H-GABBL-15H_0342_0001_0001_0002,2.35,2.12,ladder_346,100K_winter19
Eva2,id_13721.kin_propCO_7.0_3.4_1.2_t0039_0022_0006_0001,3.37,2.71,ladder_347,100K_winter19
Eva2,bp1_57.kin_propCO_7.0_-0.2_-5.4_t0029_0003_0003_0001,0.53,0.63,ladder_348,100K_winter19
Eva2,p1-15H-GBL-16H-GBL-16H_0039_0001_0001_0002,5.2,3.04,ladder_349,100K_winter19
Longxing,HEEH_05548,3.12,2.48,ladder_35,100K_winter19
Eva2,p1-14H-GBL-16H-GBL-14H_0419_0001_0001_0002,4.61,2.74,ladder_350,100K_winter19
Eva2,ems_3hC_595,2.41,2.32,ladder_351,100K_winter19
Eva2,ems_ferrM_997_0001,0.26,2.29,ladder_352,100K_winter19
Eva2,ems_3hC_479,0.64,0.39,ladder_353,100K_winter19
Eva2,ems_3hM_1072,2.32,3.36,ladder_354,100K_winter19
Eva2,ems_f2_623,0.2,0.25,ladder_355,100K_winter19
Eva2,p1-15H-GBL-16H-GABBL-16H_0378_0001_0001_0001,1.39,0.39,ladder_356,100K_winter19
Eva2,ems_4hC_3262,0.1,0.13,ladder_357,100K_winter19
Eva2,ems_3hM_3437,0.1,0.13,ladder_358,100K_winter19
Eva2,ems_4hM_502_0001,3.12,2.86,ladder_359,100K_winter19
Longxing,EEHEE_40757,2.22,2.48,ladder_36,100K_winter19
Eva2,ems_3hM_3316,0.21,1.62,ladder_360,100K_winter19
Eva2,id_13900.kin_propCO_8.0_-0.2_-5.4_t0079_0042_0007_0001,2.41,3.32,ladder_361,100K_winter19
Eva2,p1-14H-GBL-16H-GABBL-15H_0066_0001_0001_0001,3.92,3.17,ladder_362,100K_winter19
Eva2,ems_thioM_288_0001,2.47,2.48,ladder_363,100K_winter19
Eva2,ems_4hC_2929_0002,4.21,1.22,ladder_364,100K_winter19
Eva2,bGM_227_0001,3.12,2.26,ladder_365,100K_winter19
Eva2,ems_4hM_3604,2.14,3.25,ladder_367,100K_winter19
Eva2,ems_3hM_1660,4.29,3.71,ladder_368,100K_winter19
Eva2,ems_3hC_820_0001,5.29,4.09,ladder_369,100K_winter19
Longxing,HEEH_20289,0.66,0.41,ladder_37,100K_winter19
Eva2,ems_3hM_1251,4.53,3.63,ladder_370,100K_winter19
Eva2,ems_3hC_690_0001,2.22,2.73,ladder_371,100K_winter19
Eva2,ems_3hM_2062,3.57,3.34,ladder_372,100K_winter19
Eva2,ems_ferrM_3764_0001,0.64,2.97,ladder_373,100K_winter19
Eva2,ems_3hM_417,4.22,3.9,ladder_374,100K_winter19
Eva2,ems_4hM_870_0001,3.12,3.06,ladder_375,100K_winter19
Eva2,ems_ferrM_7283,1.79,3.31,ladder_376,100K_winter19
Eva2,ems_ferrM_6895,2.59,2.91,ladder_377,100K_winter19
Eva2,ems_4hM_3571_0001,0.26,1.11,ladder_378,100K_winter19
Eva2,p1-15H-GBL-16H-GBL-16H_0039_0001_0001_0001,4.85,3.02,ladder_379,100K_winter19
Longxing,HEEH_04209,0.11,0.02,ladder_38,100K_winter19
Eva2,ems_ferrM_2743_0001,2.4,2.48,ladder_380,100K_winter19
Eva2,ems_ferrM_3327_0001,3.12,2.48,ladder_381,100K_winter19
Eva2,ems_thioFL2_181,0.1,0.4,ladder_382,100K_winter19
Longxing,EHEE_09302,0.2,0.41,ladder_39,100K_winter19
Longxing,HEEH_23991,3.82,3.32,ladder_4,100K_winter19
Longxing,EEHEE_07281,0.2,2.99,ladder_40,100K_winter19
Longxing,HEEH_22356,3.89,3.27,ladder_41,100K_winter19
Longxing,HEEH_09576,0.2,1.22,ladder_42,100K_winter19
Longxing,HEEH_03086,2.14,3.52,ladder_43,100K_winter19
Longxing,HEEH_21573,0.2,0.41,ladder_44,100K_winter19
Longxing,HEEH_22443,0.66,0.25,ladder_45,100K_winter19
Longxing,HEEH_16161,0.18,1.72,ladder_46,100K_winter19
Longxing,HEEH_09879,0.11,0.02,ladder_47,100K_winter19
Longxing,HEEH_19496,0.2,0.25,ladder_48,100K_winter19
Longxing,EEHEE_03647,3.12,2.48,ladder_49,100K_winter19
Longxing,HEEH_21570,0.05,0.08,ladder_5,100K_winter19
Longxing,HEEH_15725,0.02,0.32,ladder_50,100K_winter19
Longxing,HEEH_21192,1.75,0.25,ladder_51,100K_winter19
Longxing,EEHEE_05028,0.42,0.25,ladder_52,100K_winter19
Longxing,EHEE_09709,0.1,0.13,ladder_53,100K_winter19
Longxing,HEEH_14370,0.2,0.65,ladder_54,100K_winter19
Longxing,HEEH_22629,3.12,2.48,ladder_55,100K_winter19
Longxing,HEEH_19081,2.52,2.35,ladder_56,100K_winter19
Longxing,HEEH_13065,3.12,2.48,ladder_58,100K_winter19
Longxing,EHEE_01056,0.46,2.82,ladder_59,100K_winter19
Longxing,EHEE_11559,0.1,0.13,ladder_60,100K_winter19
Longxing,HEEH_11260,0.1,0.13,ladder_61,100K_winter19
Longxing,HEEH_01304,0.18,0.08,ladder_62,100K_winter19
Longxing,HEEH_10102,0.88,0.18,ladder_63,100K_winter19
Longxing,HEEH_04703,0.05,0.48,ladder_64,100K_winter19
Longxing,HEEH_19559,3.12,2.48,ladder_65,100K_winter19
Longxing,HEEH_24042,3.12,2.48,ladder_66,100K_winter19
Longxing,HEEH_09067,2.47,2.35,ladder_67,100K_winter19
Longxing,HEEH_14816,0.26,0.13,ladder_68,100K_winter19
Longxing,HEEH_17666,-0.01,0.11,ladder_69,100K_winter19
Longxing,HEEH_22689,0.92,3.33,ladder_7,100K_winter19
Longxing,HEEH_19024,0.1,0.13,ladder_70,100K_winter19
Longxing,EEHEE_32432,0.1,0.13,ladder_71,100K_winter19
Inna,MSirpa_0193,0.18,0.54,ladder_72,100K_winter19
Inna,p1-16H-GABBL-15H-GBL-16H_0827_0001_0001,0.2,2.78,ladder_73,100K_winter19
Inna,HSirpa_0888,0.05,0.08,ladder_74,100K_winter19
Inna,HSirpa_1751,0.14,0.24,ladder_75,100K_winter19
Inna,HSirpa_1973,1.28,2.71,ladder_76,100K_winter19
Inna,MSirpa_0714,0.21,0.49,ladder_77,100K_winter19
Inna,HSirpa_2216,1.16,0.25,ladder_78,100K_winter19
Inna,HSirpa_0418,1.2,2.85,ladder_79,100K_winter19
Longxing,HEEH_19213,0.41,0.63,ladder_8,100K_winter19
Inna,HSirpa_0117,3.52,2.73,ladder_80,100K_winter19
Inna,MSirpa_0054,3.73,2.86,ladder_81,100K_winter19
Inna,MSirpa_0875,3.8,3.15,ladder_82,100K_winter19
Inna,MSirpa_0820,4.16,3.32,ladder_83,100K_winter19
Inna,HSirpa_0294,-0.01,0.11,ladder_84,100K_winter19
Inna,MSirpa_0141,3.54,1.47,ladder_85,100K_winter19
Inna,p1-15H-GABBL-15H-GBL-15H_0053_0001_0001,2.0,3.21,ladder_86,100K_winter19
Inna,HSirpa_2008,3.35,2.73,ladder_87,100K_winter19
Inna,MSirpa_0275,1.35,0.51,ladder_88,100K_winter19
Inna,HSirpa_1553,1.02,1.19,ladder_89,100K_winter19
Longxing,EHEE_08886,0.1,0.13,ladder_9,100K_winter19
Inna,HSirpa_0175,0.87,0.93,ladder_90,100K_winter19
Inna,HSirpa_1903,2.5,2.66,ladder_91,100K_winter19
Inna,MSirpa_0067,0.97,0.08,ladder_92,100K_winter19
Inna,HSirpa_0585,1.06,1.32,ladder_93,100K_winter19
Inna,HSirpa_1733,0.45,1.49,ladder_94,100K_winter19
Inna,HSirpa_2446,0.97,0.28,ladder_95,100K_winter19
Inna,p1-14H-GBL-16H-GABBL-16H_0097_0001,4.73,3.13,ladder_96,100K_winter19
Inna,HSirpa_0454,3.57,2.74,ladder_97,100K_winter19
Inna,p1-16H-GBL-16H-GBL-15H_0508_0001_0001,5.19,3.6,ladder_98,100K_winter19
Inna,MSirpa_0481,5.3,3.78,ladder_99,100K_winter19
